,ortho,phon,cgram,islem,freqlemfilms2,freqfilms2,freqlemlivres,freqlivres,p_cvcv,cvcv,nbsyll,nblettres
12451,bagarre,bagaR,NOM,1,19.24,16.05,13.85,9.86,CVCVC,CVCVCCV,2,7
12478,bagnole,baNOl,NOM,1,23.93,21.18,34.26,26.28,CVCVC,CVCCVCV,2,7
12895,balcon,balk§,NOM,1,10.53,9.9,40.41,32.97,CVCCV,CVCCVC,2,6
12903,baleine,balEn,NOM,1,16.68,11.52,5.0,3.11,CVCVC,CVCVVCV,2,7
13091,banal,banal,ADJ,1,8.66,4.88,26.22,11.28,CVCVC,CVCVC,2,5
13261,banquette,b@kEt,NOM,1,3.02,2.66,30.88,24.26,CVCVC,CVCCVVCCV,2,9
13332,baraque,baRak,NOM,1,12.27,11.1,30.47,22.84,CVCVC,CVCVCVV,2,7
13398,barbe,baRb,NOM,1,24.15,23.4,50.54,47.7,CVCC,CVCCV,1,5
13598,barque,baRk,NOM,1,10.4,9.52,41.28,29.93,CVCC,CVCCVV,1,6
13605,barrage,baRaZ,NOM,1,13.4,9.6,19.66,10.68,CVCVC,CVCCVCV,2,7
14041,battre,batR,VER,1,200.35,75.92,182.36,57.36,CVCC,CVCCCV,1,6
14667,berceau,bERso,NOM,1,7.05,6.72,13.31,12.43,CVCCV,CVCCVVV,2,7
14701,berger,bERZe,NOM,1,11.84,8.33,24.8,11.15,CVCCV,CVCCVC,2,6
14792,besogne,b2zON,NOM,1,2.71,2.54,15.61,10.74,CVCVC,CVCVCCV,2,7
14853,bêtise,betiz,NOM,1,39.31,14.29,28.38,14.73,CVCVC,CVCVCV,2,6
14969,bible,bibl,NOM,1,17.79,17.03,17.84,17.16,CVCC,CVCCV,1,5
15609,bizarre,bizaR,ADJ,1,131.41,117.31,52.23,41.76,CVCVC,CVCVCCV,2,7
15655,blague,blag,NOM,1,72.63,60.33,22.7,16.82,CCVC,CCVCVV,1,6
15828,blême,blEm,ADJ,1,1.48,1.16,14.73,11.62,CCVC,CCVCV,1,5
15969,bloc,blOk,NOM,1,17.28,14.25,38.78,28.31,CCVC,CCVC,1,4
16066,blouse,bluz,NOM,1,5.68,5.29,32.64,28.51,CCVC,CCVVCV,1,6
16444,bonheur,bon9R,NOM,1,78.74,78.34,162.36,156.35,CVCVC,CVCCVVC,2,7
16450,bonhomme,bonOm,NOM,1,10.57,9.96,29.8,26.01,CVCVC,CVCCVCCV,2,8
16474,bonjour,b§ZuR,NOM,1,570.57,569.88,51.55,50.74,CVCVC,CVCCVVC,2,7
16879,boucle,bukl,NOM,1,18.86,8.62,29.86,11.22,CVCC,CVVCCV,1,6
17493,bourse,buRs,NOM,1,19.66,17.48,13.18,11.22,CVCC,CVVCCV,1,6
17618,boutique,butik,NOM,1,26.53,22.29,48.92,36.01,CVCVC,CVVCVCVV,2,8
17876,branche,bR@S,NOM,1,18.07,11.85,85.61,24.12,CCVC,CCVCCCV,1,7
18069,brave,bRav,ADJ,1,30.93,24.55,35.0,23.31,CCVC,CCVCV,1,5
18133,bref,bREf,ADJ,1,15.63,10.34,74.8,35.2,CCVC,CCVC,1,4
18134,bref,bREf,ADV,1,22.26,22.26,38.78,38.78,CCVC,CCVC,1,4
18422,brique,bRik,NOM,1,13.56,4.02,31.55,11.69,CCVC,CCVCVV,1,6
18459,brise,bRiz,NOM,1,5.63,5.6,11.49,10.88,CCVC,CCVCV,1,5
18641,bronze,bR§z,NOM,1,3.37,3.15,19.26,18.58,CCVC,CCVCCV,1,6
18673,brosse,bROs,NOM,1,8.43,7.29,19.59,16.01,CCVC,CCVCCV,1,6
18758,brousse,bRus,NOM,1,0.95,0.95,11.01,10.88,CCVC,CCVVCCV,1,7
18909,brume,bRym,NOM,1,5.07,4.17,42.57,35.88,CCVC,CCVCV,1,5
19065,budget,bydZE,NOM,1,11.21,10.54,6.62,5.34,CVCCV,CVCCVC,2,6
19218,buste,byst,NOM,1,2.44,2.02,24.46,21.62,CVCC,CVCCV,1,5
19334,cabane,kaban,NOM,1,15.36,14.34,29.46,25.68,CVCVC,CVCVCV,2,6
19356,cabine,kabin,NOM,1,20.0,17.65,35.07,29.86,CVCVC,CVCVCV,2,6
19370,câble,kabl,NOM,1,17.04,13.36,6.08,2.97,CVCC,CVCCV,1,5
19538,cachette,kaSEt,NOM,1,11.81,11.21,16.96,14.59,CVCVC,CVCCVCCV,2,8
19606,cadence,kad@s,NOM,1,2.42,2.12,13.78,12.64,CVCVC,CVCVCCV,2,7
19639,cadre,kadR,NOM,1,13.53,10.98,42.84,29.8,CVCC,CVCCV,1,5
20169,calme,kalm,ADJ,1,66.57,58.78,73.65,65.81,CVCC,CVCCV,1,5
20170,calme,kalm,NOM,1,105.2,105.08,53.24,52.03,CVCC,CVCCV,1,5
20183,calmer,kalme,VER,1,168.54,22.89,45.07,14.66,CVCCV,CVCCVC,2,6
20441,campagne,k@paN,NOM,1,51.12,48.61,107.23,94.73,CVCVC,CVCCVCCV,2,8
20536,canal,kanal,NOM,1,17.11,14.2,27.43,20.95,CVCVC,CVCVC,2,5
20557,canard,kanaR,NOM,1,23.85,15.46,29.46,16.15,CVCVC,CVCVCC,2,6
20591,cancer,k@sER,NOM,1,23.15,22.34,9.46,8.78,CVCVC,CVCCVC,2,6
20765,cantine,k@tin,NOM,1,4.23,3.76,12.16,10.61,CVCVC,CVCCVCV,2,7
20952,capote,kapOt,NOM,1,7.59,4.67,18.04,13.45,CVCVC,CVCVCV,2,6
21333,caresse,kaREs,NOM,1,5.32,2.21,33.04,16.15,CVCVC,CVCVCCV,2,7
21471,carnet,kaRnE,NOM,1,13.23,11.06,31.82,24.66,CVCCV,CVCCVC,2,6
21605,carte,kaRt,NOM,1,144.96,96.11,111.42,60.95,CVCC,CVCCV,1,5
21644,carton,kaRt§,NOM,1,16.01,10.92,44.86,34.8,CVCCV,CVCCVC,2,6
21765,casque,kask,NOM,1,15.42,12.11,29.19,21.62,CVCC,CVCCVV,1,6
21853,cassette,kasEt,NOM,1,32.4,23.55,6.42,4.05,CVCVC,CVCCVCCV,2,8
22340,ceinture,s5tyR,NOM,1,22.57,19.41,35.2,32.23,CVCVC,CVVCCVCV,2,8
22423,cellule,selyl,NOM,1,42.98,31.06,46.28,35.34,CVCVC,CVCCVCV,2,7
22452,cendre,s@dR,NOM,1,17.18,3.24,28.85,11.08,CVCC,CVCCCV,1,6
22495,centaine,s@tEn,NOM,1,29.22,6.33,41.82,10.54,CVCVC,CVCCVVCV,2,8
22553,centre,s@tR,NOM,1,57.0,53.46,84.46,80.0,CVCC,CVCCCV,1,6
22699,certain,sERt5,ADJ,1,103.57,65.2,182.64,102.16,CVCCV,CVCCVVC,2,7
22701,certains,sERt5,ADJ:ind,1,57.58,57.58,101.28,101.28,CVCCV,CVCCVVCC,2,8
22702,certains,sERt5,PRO:ind,1,43.65,43.65,32.64,32.64,CVCCV,CVCCVVCC,2,8
22703,certes,sERt,ADV,1,14.88,14.88,69.66,69.66,CVCC,CVCCVC,1,6
22734,cerveau,sERvo,NOM,1,61.59,57.67,30.88,28.92,CVCCV,CVCCVVV,2,7
22830,chacune,Sakyn,PRO:ind,1,12.2,12.2,35.95,35.95,CVCVC,CCVCVCV,2,7
22858,chagrin,SagR5,NOM,1,21.61,20.39,44.05,38.72,CVCCV,CCVCCVC,2,7
22918,chaleur,Sal9R,NOM,1,39.13,38.77,116.22,112.23,CVCVC,CCVCVVC,2,7
23024,chambre,S@bR,NOM,1,288.64,263.93,413.31,380.07,CVCC,CCVCCCV,1,7
23043,champagne,S@paN,NOM,1,32.49,32.38,29.86,29.86,CVCVC,CCVCCVCCV,2,9
23303,chapelle,SapEl,NOM,1,7.42,7.37,35.88,32.36,CVCVC,CCVCVCCV,2,8
23368,charbon,SaRb§,NOM,1,9.24,8.39,24.59,21.96,CVCCV,CCVCCVC,2,7
23423,charger,SaRZe,VER,1,93.02,15.58,122.16,10.2,CVCCV,CCVCCVC,2,7
23424,charge,SaRZ,NOM,1,32.86,24.98,41.28,36.08,CVCC,CCVCCV,1,6
23465,charmant,SaRm@,ADJ,1,54.51,27.52,41.15,19.86,CVCCV,CCVCCVCC,2,8
23474,charme,SaRm,NOM,1,22.92,19.7,53.45,43.65,CVCC,CCVCCV,1,6
23537,charrette,SaREt,NOM,1,6.98,6.63,20.95,16.82,CVCVC,CCVCCVCCV,2,9
23636,chasseur,Sas9R,NOM,1,34.92,21.27,41.55,23.58,CVCVC,CCVCCVVC,2,8
23821,chauffeur,Sof9R,NOM,1,40.59,37.35,49.86,44.19,CVCVC,CCVVCCVVC,2,9
23875,chaussure,SosyR,NOM,1,73.58,12.49,56.49,8.78,CVCVC,CCVVCCVCV,2,9
24048,chercher,SERSe,VER,1,712.46,341.01,448.99,172.36,CVCCV,CCVCCCVC,2,8
24194,chèvre,SEvR,NOM,1,14.08,8.26,20.61,10.14,CVCC,CCVCCV,1,6
24407,chiffre,SifR,NOM,1,27.28,9.38,33.11,12.7,CVCC,CCVCCCV,1,7
24708,chômage,SomaZ,NOM,1,12.5,12.5,5.41,5.41,CVCVC,CCVCVCV,2,7
25098,cible,sibl,NOM,1,33.55,28.69,10.74,8.65,CVCC,CVCCV,1,5
25151,cigare,sigaR,NOM,1,17.15,10.63,24.93,17.7,CVCVC,CVCVCV,2,6
25298,cinquante,s5k@t,ADJ:num,1,9.26,9.26,61.08,61.08,CVCVC,CVCCVVCCV,2,9
25458,cirque,siRk,NOM,1,23.25,22.95,19.53,18.38,CVCC,CVCCVV,1,6
25655,clair,klER,ADJ,1,122.69,88.54,156.69,91.01,CCVC,CCVVC,1,5
25656,clair,klER,NOM,1,12.79,12.61,14.12,13.58,CCVC,CCVVC,1,5
25860,classe,klas,NOM,1,78.99,70.46,108.92,90.74,CCVC,CCVCCV,1,6
26135,cloche,klOS,NOM,1,19.72,9.01,34.59,18.24,CCVC,CCVCCV,1,6
26311,club,kl9b,NOM,1,67.51,61.99,21.42,18.58,CCVC,CCVC,1,4
26585,coffre,kOfR,NOM,1,39.35,35.97,29.32,25.14,CVCC,CVCCCV,1,6
26619,cognac,koNak,NOM,1,12.07,11.69,11.01,10.68,CVCVC,CVCCVC,2,6
26808,colère,kolER,NOM,1,68.9,67.91,100.07,92.77,CVCVC,CVCVCV,2,6
26950,collège,kolEZ,NOM,1,11.58,11.3,26.82,25.0,CVCVC,CVCCVCV,2,7
26962,collègue,kolEg,NOM,1,38.93,18.22,32.09,12.16,CVCVC,CVCCVCVV,2,8
27002,colline,kolin,NOM,1,26.39,15.61,55.61,30.07,CVCVC,CVCCVCV,2,7
27105,colonne,kolOn,NOM,1,11.95,9.24,50.07,25.95,CVCVC,CVCVCCV,2,7
27324,comble,k§bl,NOM,1,8.56,7.86,27.3,22.5,CVCC,CVCCCV,1,6
27377,comique,komik,ADJ,1,4.86,4.33,13.45,10.34,CVCVC,CVCVCVV,2,7
27405,commande,kom@d,NOM,1,31.36,19.41,18.72,12.64,CVCVC,CVCCVCCV,2,8
27625,commode,komOd,ADJ,1,4.96,4.43,17.16,15.74,CVCVC,CVCCVCV,2,7
27626,commode,komOd,NOM,1,3.36,3.21,12.09,10.88,CVCVC,CVCCVCV,2,7
27999,complet,k§plE,ADJ,1,29.19,17.76,44.12,20.61,CVCCV,CVCCCVC,2,7
28279,compris,k§pRi,ADJ,1,82.84,82.12,11.01,9.46,CVCCV,CVCCCVC,2,7
28533,concert,k§sER,NOM,1,31.65,26.51,30.14,24.86,CVCVC,CVCCVCC,2,7
28681,concours,k§kuR,NOM,1,23.89,23.89,31.69,31.69,CVCVC,CVCCVVCC,2,8
29169,conflit,k§fli,NOM,1,13.79,9.63,14.12,11.08,CVCCV,CVCCCVC,2,7
29255,confort,k§fOR,NOM,1,6.02,5.97,17.03,16.62,CVCVC,CVCCVCC,2,7
29390,congrès,k§gRE,NOM,1,15.77,15.77,8.78,8.78,CVCCV,CVCCCVC,2,7
29518,connard,konaR,ADJ,1,31.93,29.94,2.16,1.89,CVCVC,CVCCVCC,2,7
29519,connard,konaR,NOM,1,50.13,40.7,6.28,4.53,CVCVC,CVCCVCC,2,7
29597,conquête,k§kEt,NOM,1,5.95,3.85,16.42,10.88,CVCVC,CVCCVVCV,2,8
30792,contrat,k§tRa,NOM,1,53.23,45.7,15.0,12.43,CVCCV,CVCCCVC,2,7
30926,contre,k§tR,PRE,1,313.71,313.71,591.15,591.15,CVCC,CVCCCV,1,6
31684,corde,kORd,NOM,1,38.57,28.89,48.38,31.76,CVCC,CVCCV,1,5
32081,corvée,kORve,NOM,1,6.32,4.05,16.76,10.74,CVCCV,CVCCVV,2,6
32465,couleur,kul9R,NOM,1,82.25,57.46,198.72,118.65,CVCVC,CVVCVVC,2,7
32594,couple,kupl,NOM,1,49.62,41.13,63.99,47.23,CVCC,CVVCCV,1,6
32617,courage,kuRaZ,NOM,1,70.73,70.7,70.34,69.8,CVCVC,CVVCVCV,2,7
32653,courbe,kuRb,NOM,1,3.0,1.72,18.11,11.82,CVCC,CVVCCV,1,6
32686,courir,kuRiR,VER,1,146.5,47.19,263.38,71.82,CVCVC,CVVCVC,2,6
32698,couronne,kuROn,NOM,1,23.15,15.16,20.61,12.5,CVCVC,CVVCVCCV,2,8
32746,course,kuRs,NOM,1,72.48,40.45,81.22,51.22,CVCC,CVVCCV,1,6
32927,coutume,kutym,NOM,1,10.46,7.27,25.14,17.03,CVCVC,CVVCVCV,2,7
32977,couvert,kuvER,NOM,1,7.98,5.65,25.14,17.09,CVCVC,CVVCVCC,2,7
33152,crainte,kR5t,NOM,1,14.54,11.39,52.64,45.61,CCVC,CCVVCCV,1,7
33214,crâne,kRan,NOM,1,28.6,26.88,56.82,52.23,CCVC,CCVCV,1,5
33332,crasse,kRas,NOM,1,3.29,3.16,13.45,13.11,CCVC,CCVCCV,1,6
33505,crème,kREm,NOM,1,20.61,19.72,24.46,20.95,CCVC,CCVCV,1,5
33615,crête,kREt,NOM,1,4.23,3.52,26.22,21.62,CCVC,CCVCV,1,5
33815,crime,kRim,NOM,1,104.07,81.77,45.07,29.32,CCVC,CCVCV,1,5
33848,crise,kRiz,NOM,1,50.15,43.51,49.73,37.97,CCVC,CCVCV,1,5
34146,crosse,kROs,NOM,1,2.27,1.96,11.96,10.14,CCVC,CCVCCV,1,6
34203,croupe,kRup,NOM,1,0.96,0.64,14.05,10.95,CCVC,CCVVCV,1,6
34253,croûte,kRut,NOM,1,5.81,5.07,17.3,12.23,CCVC,CCVVCV,1,6
34667,culotte,kylOt,NOM,1,18.14,13.34,37.3,27.7,CVCVC,CVCVCCV,2,7
34705,culte,kylt,NOM,1,5.37,4.74,14.93,13.58,CVCC,CVCCV,1,5
34892,cuvette,kyvEt,NOM,1,2.49,2.38,12.97,11.82,CVCVC,CVCVCCV,2,7
35022,d'abord,dabOR,ADV,1,175.45,175.45,169.32,169.32,CVCVC,C'VCVCC,2,7
35355,d'autres,dotR,ADJ:ind,1,133.34,133.34,119.73,119.73,CVCC,C'VVCCVC,1,8
35356,d'autres,dotR,PRO:ind,1,78.71,78.71,86.55,86.55,CVCC,C'VVCCVC,1,8
35617,débile,debil,ADJ,1,21.09,17.8,4.66,3.11,CVCVC,CVCVCV,2,6
35950,débris,debRi,NOM,1,4.94,4.94,13.85,13.85,CVCCV,CVCCVC,2,6
37143,décor,dekOR,NOM,1,8.38,6.01,45.61,38.78,CVCVC,CVCVC,2,5
37713,défaire,defER,VER,1,12.3,5.26,32.23,10.14,CVCVC,CVCVVCV,2,7
37724,défaite,defEt,NOM,1,8.38,7.64,21.82,19.46,CVCVC,CVCVVCV,2,7
37828,défense,def@s,NOM,1,50.94,48.56,52.3,47.77,CVCVC,CVCVCCV,2,7
39113,délire,deliR,NOM,1,13.2,10.93,19.8,16.62,CVCVC,CVCVCV,2,6
40253,dentelle,d@tEl,NOM,1,3.78,3.04,25.07,17.5,CVCVC,CVCCVCCV,2,8
40364,départ,depaR,NOM,1,68.49,67.35,123.04,116.96,CVCVC,CVCVCC,2,6
41735,descente,des@t,NOM,1,11.59,10.48,23.24,20.81,CVCVC,CVCCVCCV,2,8
41859,désert,dezER,ADJ,1,8.02,3.04,52.57,16.69,CVCVC,CVCVCC,2,6
41860,désert,dezER,NOM,1,27.66,26.13,41.89,36.76,CVCVC,CVCVCC,2,6
42188,désir,deziR,NOM,1,45.35,31.59,117.09,96.69,CVCVC,CVCVC,2,5
42478,dessert,desER,NOM,1,13.4,11.61,12.57,11.62,CVCVC,CVCCVCC,2,7
42596,destin,dest5,NOM,1,53.03,51.93,67.23,62.77,CVCCV,CVCCVC,2,6
42854,détente,det@t,NOM,1,5.47,5.42,10.68,10.47,CVCVC,CVCVCCV,2,7
43039,détour,detuR,NOM,1,6.82,5.43,24.86,16.76,CVCVC,CVCVVC,2,6
44246,dimanche,dim@S,NOM,1,63.98,59.67,101.15,87.84,CVCVC,CVCVCCCV,2,8
45014,disque,disk,NOM,1,33.61,20.36,42.16,21.49,CVCC,CVCCVV,1,6
45459,divers,divER,ADJ:ind,1,7.28,3.6,52.77,11.69,CVCVC,CVCVCC,2,6
45460,divers,divER,ADJ,1,7.28,2.18,52.77,25.88,CVCVC,CVCVCC,2,6
45630,dizaine,dizEn,NOM,1,11.08,5.87,44.73,26.55,CVCVC,CVCVVCV,2,7
45772,dollar,dolaR,NOM,1,134.1,13.89,16.96,3.85,CVCVC,CVCCVC,2,6
45782,domaine,domEn,NOM,1,21.57,19.21,46.22,37.91,CVCVC,CVCVVCV,2,7
45882,dommage,domaZ,NOM,1,65.59,59.43,26.15,24.05,CVCVC,CVCCVCV,2,7
45883,dommage,domaZ,ONO,1,25.88,25.88,5.34,5.34,CVCVC,CVCCVCV,2,7
46185,double,dubl,ADJ,1,30.46,28.68,58.99,52.84,CVCC,CVVCCV,1,6
46186,double,dubl,NOM,1,19.32,18.06,15.34,13.24,CVCC,CVVCCV,1,6
46248,douceur,dus9R,NOM,1,16.87,16.02,70.0,66.08,CVCVC,CVVCVVC,2,7
46307,douleur,dul9R,NOM,1,75.89,65.78,91.89,77.84,CVCVC,CVVCVVC,2,7
46359,douzaine,duzEn,NOM,1,12.89,8.18,18.58,13.18,CVCVC,CVVCVVCV,2,8
46457,drame,dRam,NOM,1,14.87,13.48,39.93,32.5,CCVC,CCVCV,1,5
46584,drogue,dROg,NOM,1,58.76,47.2,13.72,10.54,CCVC,CCVCVV,1,6
46630,drôle,dRol,ADJ,1,144.48,138.46,95.07,85.47,CCVC,CCVCV,1,5
46631,drôle,dRol,NOM,1,18.73,13.59,21.01,14.46,CCVC,CCVCV,1,5
46796,duquel,dykEl,PRO:rel,1,2.36,1.92,30.2,22.57,CVCVC,CVCVVC,2,6
59707,façade,fasad,NOM,1,4.6,4.19,46.76,29.66,CVCVC,CVCVCV,2,6
59769,facile,fasil,ADJ,1,159.35,153.57,98.65,88.65,CVCVC,CVCVCV,2,6
59926,faible,fEbl,ADJ,1,38.78,31.03,53.65,40.95,CVCC,CVVCCV,1,6
60058,falaise,falEz,NOM,1,5.85,4.45,20.68,15.47,CVCVC,CVCVVCV,2,7
60263,fantôme,f@tom,NOM,1,48.23,29.71,35.88,20.74,CVCVC,CVCCVCV,2,7
60357,farine,faRin,NOM,1,7.95,7.93,13.72,13.51,CVCVC,CVCVCV,2,6
60365,farouche,faRuS,ADJ,1,2.39,1.9,15.2,11.62,CVCVC,CVCVVCCV,2,8
60433,fatal,fatal,ADJ,1,11.69,5.37,23.38,12.3,CVCVC,CVCVC,2,5
60468,fatigue,fatig,NOM,1,9.25,8.7,69.46,65.81,CVCVC,CVCVCVV,2,7
60493,faubourg,fobuR,NOM,1,1.69,0.58,22.09,14.73,CVCVC,CVVCVVCC,2,8
60651,faveur,fav9R,NOM,1,36.65,31.09,31.62,27.64,CVCVC,CVCVVC,2,6
61067,fermé,fERme,ADJ,1,21.46,7.61,56.35,13.38,CVCCV,CVCCV,2,5
61069,ferme,fERm,ADJ,1,25.2,22.93,45.14,39.39,CVCC,CVCCV,1,5
61071,ferme,fERm,NOM,1,76.86,73.53,58.04,47.23,CVCC,CVCCV,1,5
61099,fermer,fERme,VER,1,238.65,48.85,197.16,32.97,CVCCV,CVCCVC,2,6
61129,féroce,feROs,ADJ,1,6.33,4.39,16.22,12.3,CVCVC,CVCVCV,2,6
61405,feutre,f2tR,NOM,1,1.45,1.33,13.99,13.18,CVCC,CVVCCV,1,6
61496,ficelle,fisEl,NOM,1,6.31,3.13,21.22,13.38,CVCVC,CVCVCCV,2,7
61553,fidèle,fidEl,ADJ,1,24.61,20.04,35.61,27.43,CVCVC,CVCVCV,2,6
61700,figure,figyR,NOM,1,25.18,22.49,95.34,77.7,CVCVC,CVCVCV,2,6
61832,filmer,filme,VER,1,40.08,12.89,3.45,1.28,CVCCV,CVCCVC,2,6
61837,film,film,NOM,1,252.66,195.1,74.12,49.53,CVCC,CVCC,1,4
61898,final,final,ADJ,1,18.2,9.73,19.39,11.55,CVCVC,CVCVC,2,5
61987,finir,finiR,VER,1,557.61,96.48,417.97,68.92,CVCVC,CVCVC,2,5
62074,fiston,fist§,NOM,1,30.43,30.38,2.97,2.84,CVCCV,CVCCVC,2,6
62106,fixe,fiks,ADJ,1,11.12,9.83,39.53,27.97,CVCC,CVCV,1,4
62118,fixer,fikse,VER,1,32.73,7.04,140.95,24.8,CVCCV,CVCVC,2,5
62288,flamme,flam,NOM,1,26.93,12.61,71.82,38.38,CCVC,CCVCCV,1,6
62366,flaque,flak,NOM,1,3.53,2.31,23.99,10.07,CCVC,CCVCVV,1,6
62435,flèche,flES,NOM,1,12.76,8.21,25.0,15.54,CCVC,CCVCCV,1,6
62522,fleur,fl9R,NOM,1,99.75,25.2,164.39,42.97,CCVC,CCVVC,1,5
62553,fleuve,fl9v,NOM,1,21.58,19.81,46.89,39.32,CCVC,CCVVCV,1,6
62573,flic,flik,NOM,1,153.5,67.53,72.43,30.95,CCVC,CCVC,1,4
62584,flingue,fl5g,NOM,1,44.48,38.34,12.57,10.88,CCVC,CCVCCVV,1,7
62726,flotte,flOt,NOM,1,16.36,16.22,27.64,26.22,CCVC,CCVCCV,1,6
63104,fondre,f§dR,VER,1,17.32,8.05,38.18,17.7,CVCC,CVCCCV,1,6
63127,fontaine,f§tEn,NOM,1,7.72,6.62,24.46,17.36,CVCVC,CVCCVVCV,2,8
63182,force,fORs,NOM,1,151.96,108.29,344.73,218.38,CVCC,CVCCV,1,5
63203,forcer,fORse,VER,1,64.64,16.33,75.41,18.04,CVCCV,CVCCVC,2,6
63333,forme,fORm,NOM,1,94.19,82.61,176.69,137.91,CVCC,CVCCV,1,5
63348,former,fORme,VER,1,39.69,8.18,110.27,15.95,CVCCV,CVCCVC,2,6
63506,foudre,fudR,NOM,1,12.94,12.5,14.46,12.64,CVCC,CVVCCV,1,6
63662,foulard,fulaR,NOM,1,4.44,3.94,19.19,15.95,CVCVC,CVVCVCC,2,7
63787,fourneau,fuRno,NOM,1,2.26,1.13,15.34,12.3,CVCCV,CVVCCVVV,2,8
63884,fourrure,fuRyR,NOM,1,7.53,5.56,21.42,16.89,CVCVC,CVVCCVCV,2,8
63941,foutre,futR,VER,1,400.67,97.99,172.3,42.7,CVCC,CVVCCV,1,6
64280,frappe,fRap,NOM,1,11.61,10.87,5.14,4.53,CCVC,CCVCCV,1,6
64510,frère,fRER,NOM,1,390.39,311.45,216.35,142.36,CCVC,CCVCV,1,5
64581,fric,fRik,NOM,1,109.01,108.99,26.42,26.35,CCVC,CCVC,1,4
65148,führer,fyR9R,NOM,1,23.86,23.84,4.59,4.59,CVCVC,CVCCVC,2,6
65345,fureur,fyR9R,NOM,1,7.87,7.03,33.92,30.61,CVCVC,CVCVVC,2,6
65514,futur,fytyR,ADJ,1,23.2,9.41,36.35,13.92,CVCVC,CVCVC,2,5
65515,futur,fytyR,NOM,1,26.33,25.73,11.89,10.61,CVCVC,CVCVC,2,5
66083,garage,gaRaZ,NOM,1,25.25,24.41,24.12,22.23,CVCVC,CVCVCV,2,6
66129,garce,gaRs,NOM,1,21.71,20.25,8.78,7.36,CVCC,CVCCV,1,5
66133,garçon,gaRs§,NOM,1,251.51,188.41,262.5,186.96,CVCCV,CVCCVC,2,6
66171,garde,gaRd,NOM,1,104.47,76.76,112.09,89.86,CVCC,CVCCV,1,5
66191,garder,gaRde,VER,1,338.4,123.09,257.5,68.31,CVCCV,CVCCVC,2,6
67159,geste,ZEst,NOM,1,40.78,31.41,271.08,172.03,CVCC,CVCCV,1,5
67432,glace,glas,NOM,1,66.82,58.09,91.01,76.01,CCVC,CCVCV,1,5
67911,golf,gOlf,NOM,1,14.14,14.05,7.3,7.16,CVCC,CVCC,1,4
68053,gorgée,gORZe,NOM,1,5.7,4.97,20.27,13.31,CVCCV,CVCCVV,2,6
68059,gorge,gORZ,NOM,1,30.87,29.57,86.82,82.64,CVCC,CVCCV,1,5
68129,gouffre,gufR,NOM,1,3.84,3.43,13.38,11.35,CVCC,CVVCCCV,1,7
68372,grâce,gRas,NOM,1,34.59,32.08,57.7,49.66,CCVC,CCVCV,1,5
68374,grâce,gRas,PRE,1,85.61,85.61,78.85,78.85,CCVC,CCVCV,1,5
68480,graisse,gREs,NOM,1,9.09,8.38,18.31,17.64,CCVC,CCVVCCV,1,7
68620,grange,gR@Z,NOM,1,7.33,6.95,46.01,40.74,CCVC,CCVCCV,1,6
68816,grave,gRav,ADJ,1,142.48,134.19,93.78,74.86,CCVC,CCVCV,1,5
68897,grec,gREk,ADJ,1,12.14,6.12,29.46,11.22,CCVC,CCVC,1,4
68898,grec,gREk,NOM,1,11.36,6.31,26.22,14.86,CCVC,CCVC,1,4
69076,grève,gREv,NOM,1,15.87,14.54,26.55,22.36,CCVC,CCVCV,1,5
69647,grotte,gROt,NOM,1,12.23,8.96,21.96,17.84,CCVC,CCVCCV,1,6
69694,groupe,gRup,NOM,1,104.38,90.16,122.5,85.88,CCVC,CCVVCV,1,6
69796,guérir,geRiR,VER,1,44.73,17.7,30.27,11.49,CVCVC,CVVCVC,2,6
70070,guitare,gitaR,NOM,1,13.86,12.78,14.8,11.55,CVCVC,CVVCVCV,2,7
79002,jadis,Zadis,ADV,1,11.55,11.55,52.3,52.3,CVCVC,CVCVC,2,5
79160,jardin,ZaRd5,NOM,1,60.21,54.01,185.81,148.72,CVCCV,CVCCVC,2,6
79329,jet,dZEt,NOM,1,10.49,7.96,20.95,14.53,CCVC,CVC,1,3
79391,jeunesse,Z9nEs,NOM,1,28.71,27.21,85.14,83.24,CVCVC,CVVCVCCV,2,8
79436,job,dZOb,NOM,1,28.62,27.24,2.77,2.43,CCVC,CVC,1,3
79705,journée,ZuRne,NOM,1,174.89,165.35,179.39,140.74,CVCCV,CVVCCVV,2,7
79922,jungle,Z1gl,NOM,1,16.47,16.25,8.38,7.43,CVCC,CVCCCV,1,6
80011,jusque,Zysk,PRE,1,15.05,15.05,37.5,37.5,CVCC,CVCCVV,1,6
80020,juste,Zyst,ADJ,1,656.86,653.49,153.45,147.77,CVCC,CVCCV,1,5
80021,juste,Zyst,ADV,1,252.71,252.71,109.46,109.46,CVCC,CVCCV,1,5
80022,juste,Zyst,NOM,1,18.73,17.36,22.36,20.81,CVCC,CVCCV,1,5
80151,karma,kaRma,NOM,1,10.73,10.73,0.14,0.14,CVCCV,CVCCV,2,5
80974,langage,l@gaZ,NOM,1,16.68,16.56,37.36,36.01,CVCVC,CVCCVCV,2,7
81119,laquelle,lakEl,PRO:rel,1,68.94,66.95,185.27,182.36,CVCVC,CVCVVCCV,2,8
81159,large,laRZ,ADJ,1,18.66,14.25,107.5,70.54,CVCC,CVCCV,1,5
81160,large,laRZ,NOM,1,8.63,8.38,36.62,35.61,CVCC,CVCCV,1,5
81200,larme,laRm,NOM,1,45.71,5.15,133.51,10.81,CVCC,CVCCV,1,5
81456,leader,lid9R,NOM,1,12.72,10.28,1.69,0.95,CVCVC,CVVCVC,2,6
81547,légende,leZ@d,NOM,1,20.41,16.07,27.43,21.49,CVCVC,CVCVCCV,2,7
81669,lenteur,l@t9R,NOM,1,1.16,1.15,22.5,21.96,CVCVC,CVCCVVC,2,7
81752,lesquels,lEkEl,PRO:rel,1,10.42,10.0,47.91,45.14,CVCVC,CVCCVVCC,2,8
81811,lettre,lEtR,NOM,1,156.77,108.79,256.01,140.88,CVCC,CVCCCV,1,6
81916,lèvre,lEvR,NOM,1,37.91,4.0,222.03,20.74,CVCC,CVCCV,1,5
82085,libre,libR,ADJ,1,134.42,110.36,167.91,130.14,CVCC,CVCCV,1,5
82353,limite,limit,NOM,1,32.77,13.69,47.23,21.76,CVCVC,CVCVCV,2,6
82510,liquide,likid,ADJ,1,7.7,7.48,14.86,12.03,CVCVC,CVCVVCV,2,7
82511,liquide,likid,NOM,1,18.41,17.74,19.19,17.91,CVCVC,CVCVVCV,2,7
82620,liste,list,NOM,1,71.56,69.07,24.32,18.92,CVCC,CVCCV,1,5
82673,litre,litR,NOM,1,10.19,2.75,18.51,10.2,CVCC,CVCCV,1,5
82739,livre,livR,NOM,1,198.11,112.43,286.49,151.76,CVCC,CVCCV,1,5
82750,livrer,livRe,VER,1,56.53,21.42,84.93,25.2,CVCCV,CVCCVC,2,6
82921,logique,loZik,ADJ,1,14.4,13.79,12.03,11.22,CVCVC,CVCVCVV,2,7
82922,logique,loZik,NOM,1,6.94,6.6,12.97,12.77,CVCVC,CVCVCVV,2,7
83041,longueur,l§g9R,NOM,1,9.42,8.36,28.45,26.82,CVCVC,CVCCVVVC,2,8
83399,lucide,lysid,ADJ,1,3.2,2.76,12.43,10.54,CVCVC,CVCVCV,2,6
83624,luxe,lyks,NOM,1,15.62,15.42,38.85,38.65,CVCC,CVCV,1,4
83812,machine,maSin,NOM,1,67.72,44.94,85.0,58.99,CVCVC,CVCCVCV,2,7
83918,madame,madam,NOM,1,307.36,249.32,203.45,198.72,CVCVC,CVCVCV,2,6
83997,magique,maZik,ADJ,1,26.93,21.84,25.88,19.8,CVCVC,CVCVCVV,2,7
84130,maigre,mEgR,ADJ,1,12.73,11.1,62.7,41.82,CVCC,CVVCCV,1,6
84256,maître,mEtR,NOM,1,128.55,118.88,151.49,125.74,CVCC,CVVCCV,1,6
84336,major,maZOR,NOM,1,16.95,16.45,8.38,8.04,CVCVC,CVCVC,2,5
84348,malade,malad,ADJ,1,158.27,147.5,73.92,66.22,CVCVC,CVCVCV,2,6
84349,malade,malad,NOM,1,41.24,25.67,43.18,26.15,CVCVC,CVCVCV,2,6
84380,malaise,malEz,NOM,1,6.55,6.34,25.14,23.38,CVCVC,CVCVVCV,2,7
84493,malheur,mal9R,NOM,1,56.89,49.16,92.64,72.84,CVCVC,CVCCVVC,2,7
84502,malice,malis,NOM,1,1.29,1.22,10.95,10.47,CVCVC,CVCVCV,2,6
84779,manège,manEZ,NOM,1,5.92,5.22,15.27,13.51,CVCVC,CVCVCV,2,6
85319,marchand,maRS@,NOM,1,15.32,8.66,45.81,24.12,CVCCV,CVCCCVCC,2,8
85329,marché,maRSe,NOM,1,74.36,72.73,62.43,57.36,CVCCV,CVCCCV,2,6
85331,marche,maRS,NOM,1,53.17,46.61,152.97,100.0,CVCC,CVCCCV,1,6
85346,marcher,maRSe,VER,1,364.37,85.34,325.61,80.88,CVCCV,CVCCCVC,2,7
85366,mardi,maRdi,NOM,1,23.65,22.38,16.28,15.47,CVCCV,CVCCV,2,5
85403,marge,maRZ,NOM,1,14.4,14.21,14.86,12.64,CVCC,CVCCV,1,5
85519,marine,maRin,ADJ,1,7.26,5.9,20.34,17.97,CVCVC,CVCVCV,2,6
85520,marine,maRin,NOM,1,5.89,4.73,12.77,11.76,CVCVC,CVCVCV,2,6
85683,marque,maRk,NOM,1,40.29,23.91,37.7,26.89,CVCC,CVCCVV,1,6
85695,marquer,maRke,VER,1,43.78,7.69,101.08,16.82,CVCCV,CVCCVVC,2,7
85719,marquis,maRki,NOM,1,16.69,14.98,18.31,9.86,CVCCV,CVCCVVC,2,7
85775,mars,maRs,NOM,1,9.75,9.75,31.42,31.42,CVCC,CVCC,1,4
85784,marteau,maRto,NOM,1,12.63,11.84,15.61,13.31,CVCCV,CVCCVVV,2,7
85921,masque,mask,NOM,1,29.18,23.16,38.65,28.45,CVCC,CVCCVV,1,6
86082,match,matS,NOM,1,63.48,58.26,10.0,9.39,CVCC,CVCCC,1,5
86537,médecin,mEds5,NOM,1,140.19,112.35,75.61,60.68,CVCCV,CVCVCVC,2,7
86817,mélange,mel@Z,NOM,1,9.9,9.56,31.01,28.58,CVCVC,CVCVCCV,2,7
86914,membre,m@bR,NOM,1,56.06,26.72,64.86,15.2,CVCC,CVCCCV,1,6
87010,ménage,menaZ,NOM,1,29.46,27.55,32.91,29.26,CVCVC,CVCVCV,2,6
87135,mensonge,m@s§Z,NOM,1,61.05,33.64,35.41,21.89,CVCVC,CVCCVCCV,2,8
87179,menteur,m@t9R,NOM,1,36.64,23.57,5.34,3.38,CVCVC,CVCCVVC,2,7
87233,mentir,m@tiR,VER,1,185.16,37.01,52.03,15.2,CVCVC,CVCCVC,2,6
87318,mépris,mepRi,NOM,1,7.39,7.39,36.55,36.55,CVCCV,CVCCVC,2,6
87341,merci,mERsi,NOM,1,379.38,378.44,53.51,53.24,CVCCV,CVCCV,2,5
87342,merci,mERsi,ONO,1,936.01,936.01,42.36,42.36,CVCCV,CVCCV,2,5
87356,merde,mERd,NOM,1,213.05,206.68,62.77,61.28,CVCC,CVCCV,1,5
87357,merde,mERd,ONO,1,221.46,221.46,33.85,33.85,CVCC,CVCCV,1,5
87419,mérite,meRit,NOM,1,8.49,6.85,18.99,11.62,CVCVC,CVCVCV,2,6
87523,message,mesaZ,NOM,1,117.11,99.7,42.57,31.15,CVCVC,CVCCVCV,2,7
87619,métal,metal,NOM,1,14.36,12.16,44.73,41.82,CVCVC,CVCVC,2,5
87694,méthode,metOd,NOM,1,24.87,13.83,24.86,16.42,CVCVC,CVCCVCV,2,7
87736,mètre,mEtR,NOM,1,43.49,6.03,130.07,21.82,CVCC,CVCCV,1,5
87746,métro,metRo,NOM,1,18.17,17.66,41.35,40.0,CVCCV,CVCCV,2,5
87783,mettre,mEtR,VER,1,1004.83,271.05,1083.72,230.2,CVCC,CVCCCV,1,6
87803,meuble,m9bl,NOM,1,19.48,2.46,53.99,11.76,CVCC,CVVCCV,1,6
88060,micro,mikRo,NOM,1,15.03,11.25,8.31,6.82,CVCCV,CVCCV,2,5
88670,minute,minyt,NOM,1,342.28,144.83,201.42,60.74,CVCVC,CVCVCV,2,6
88861,misère,mizER,NOM,1,18.77,16.85,47.23,39.46,CVCVC,CVCVCV,2,6
89075,mme,madam,NOM,1,81.64,81.64,33.24,33.24,CVCVC,CCV,2,3
89145,modèle,modEl,NOM,1,25.06,19.56,35.95,27.5,CVCVC,CVCVCV,2,6
89296,moeurs,m9Rs,NOM,1,3.08,3.08,21.08,21.08,CVCC,CVVVCC,1,6
89768,montagne,m§taN,NOM,1,62.01,36.76,81.82,49.8,CVCVC,CVCCVCCV,2,8
89862,montre,m§tR,NOM,1,48.4,43.91,47.84,41.62,CVCC,CVCCCV,1,6
89874,montrer,m§tRe,VER,1,327.33,136.2,276.55,81.15,CVCCV,CVCCCVC,2,7
89894,monture,m§tyR,NOM,1,2.21,1.61,16.62,11.55,CVCVC,CVCCVCV,2,7
89940,moquette,mokEt,NOM,1,3.63,3.37,15.95,14.73,CVCVC,CVCVVCCV,2,8
89963,morale,moRal,NOM,1,13.13,12.89,21.49,21.01,CVCVC,CVCVCV,2,6
89983,moral,moRal,ADJ,1,16.39,5.36,34.53,13.24,CVCVC,CVCVC,2,5
89984,moral,moRal,NOM,1,10.27,10.17,14.19,14.19,CVCVC,CVCVC,2,5
90005,morceau,mORso,NOM,1,64.78,40.65,99.32,57.84,CVCCV,CVCCVVV,2,7
90185,morne,mORn,ADJ,1,1.06,0.81,19.66,14.46,CVCC,CVCCV,1,5
90313,moteur,mot9R,NOM,1,33.63,26.31,51.08,41.28,CVCVC,CVCVVC,2,6
90317,motif,motif,NOM,1,16.56,12.2,31.15,15.74,CVCVC,CVCVC,2,5
90606,mourir,muRiR,VER,1,916.4,234.74,391.08,130.61,CVCVC,CVVCVC,2,6
91174,musette,myzEt,NOM,1,0.77,0.75,18.45,13.78,CVCVC,CVCVCCV,2,7
91203,musique,myzik,NOM,1,169.8,168.89,114.32,109.8,CVCVC,CVCVCVV,2,7
91490,naguère,nagER,ADV,1,1.16,1.16,23.72,23.72,CVCVC,CVCVVCV,2,7
91511,naissance,nEs@s,NOM,1,39.72,37.9,52.91,49.53,CVCVC,CVVCCVCCV,2,9
91530,naître,nEtR,VER,1,116.11,12.74,119.32,19.86,CVCC,CVVCCV,1,6
91799,nature,natyR,ADJ,1,5.52,5.52,11.01,11.01,CVCVC,CVCVCV,2,6
91800,nature,natyR,NOM,1,60.2,59.8,95.88,93.45,CVCVC,CVCVCV,2,6
91899,navire,naviR,NOM,1,21.98,15.83,50.2,28.04,CVCVC,CVCVCV,2,6
92125,nègre,nEgR,NOM,1,19.08,11.26,27.64,15.54,CVCC,CVCCV,1,5
92272,nerveux,nERv2,ADJ,1,50.4,32.52,35.81,21.82,CVCCV,CVCCVVC,2,7
92423,neutre,n2tR,ADJ,1,5.15,4.32,11.76,10.2,CVCC,CVVCCV,1,6
92728,noble,nObl,ADJ,1,28.7,23.73,31.62,20.0,CVCC,CVCCV,1,5
92839,nombre,n§bR,NOM,1,40.16,36.57,78.38,76.28,CVCC,CVCCCV,1,6
92843,nombreux,n§bR2,ADJ,1,44.64,29.89,60.27,37.03,CVCCV,CVCCCVVC,2,8
93123,notaire,notER,NOM,1,4.69,4.63,17.23,14.86,CVCVC,CVCVVCV,2,7
93197,notre,nOtR,ADJ:pos,1,1022.94,1022.94,680.68,680.68,CVCC,CVCCV,1,5
93199,nôtre,notR,PRO:pos,1,19.0,19.0,23.51,23.51,CVCC,CVCCV,1,5
93201,nôtres,notR,PRO:pos,1,22.63,22.63,21.35,21.35,CVCC,CVCCVC,1,6
93272,nourrir,nuRiR,VER,1,52.53,22.08,64.53,24.05,CVCVC,CVVCCVC,2,7
93316,nouvelle,nuvEl,ADJ,1,191.15,152.78,172.5,130.81,CVCVC,CVVCVCCV,2,8
93321,nouvel,nuvEl,ADJ,1,30.59,30.59,22.23,22.23,CVCVC,CVVCVC,2,6
96224,pacte,pakt,NOM,1,8.12,7.29,11.89,11.49,CVCC,CVCCV,1,5
96760,panique,panik,NOM,1,16.23,16.17,25.61,24.86,CVCVC,CVCVCVV,2,7
97346,parc,paRk,NOM,1,32.85,31.02,43.99,38.72,CVCC,CVCC,1,4
97389,pardon,paRd§,NOM,1,55.62,54.7,26.89,26.08,CVCCV,CVCCVC,2,6
97390,pardon,paRd§,ONO,1,209.13,209.13,18.04,18.04,CVCCV,CVCCVC,2,6
97460,paresse,paREs,NOM,1,2.65,2.54,12.43,11.89,CVCVC,CVCVCCV,2,7
97487,parfait,paRfE,ADJ,1,58.77,35.58,43.45,20.68,CVCCV,CVCCVVC,2,7
97516,parfum,paRf1,NOM,1,30.0,24.44,65.74,52.36,CVCCV,CVCCVC,2,6
97635,parler,paRle,NOM,1,11.58,11.58,9.05,8.92,CVCCV,CVCCVC,2,6
97636,parler,paRle,VER,1,1970.55,728.02,1086.01,341.82,CVCCV,CVCCVC,2,6
97667,parmi,paRmi,PRE,1,69.17,69.17,171.96,171.96,CVCCV,CVCCV,2,5
97695,parole,paROl,NOM,1,103.48,71.07,178.31,81.82,CVCVC,CVCVCV,2,6
97734,parquet,paRkE,NOM,1,4.43,4.12,22.43,18.51,CVCCV,CVCCVVC,2,7
97914,partie,paRti,NOM,1,191.19,177.81,211.49,187.97,CVCCV,CVCCVV,2,6
97921,parti,paRti,ADJ,1,15.01,11.06,11.62,8.11,CVCCV,CVCCV,2,5
97922,parti,paRti,NOM,1,46.59,41.75,87.36,75.0,CVCCV,CVCCV,2,5
97960,partout,paRtu,ADV,1,141.94,141.94,179.39,179.39,CVCCV,CVCCVVC,2,7
98059,passage,pasaZ,NOM,1,44.73,40.2,154.39,136.82,CVCVC,CVCCVCV,2,7
98490,patrie,patRi,NOM,1,23.36,23.36,29.19,28.65,CVCCV,CVCCVV,2,6
98524,patron,patR§,NOM,1,141.53,122.44,132.43,93.85,CVCCV,CVCCVC,2,6
98615,pauvre,povR,ADJ,1,178.03,148.93,187.77,148.78,CVCC,CVVCCV,1,6
98616,pauvre,povR,NOM,1,68.54,45.73,53.24,29.39,CVCC,CVVCCV,1,6
98835,pêcheur,pES9R,NOM,1,10.34,5.08,27.43,13.11,CVCVC,CVCCVVC,2,7
99004,peindre,p5dR,VER,1,36.05,12.75,80.27,22.64,CVCC,CVVCCCV,1,7
99030,peintre,p5tR,NOM,1,17.02,13.6,45.07,31.22,CVCC,CVVCCCV,1,7
99036,peinture,p5tyR,NOM,1,29.53,25.83,67.64,59.39,CVCVC,CVVCCVCV,2,8
99296,pendre,p@dR,VER,1,42.99,12.4,58.04,8.51,CVCC,CVCCCV,1,6
99591,percer,pERse,VER,1,15.77,6.19,42.03,11.22,CVCCV,CVCCVC,2,6
99738,perdu,pERdy,ADJ,1,36.46,17.5,58.45,27.43,CVCCV,CVCCV,2,5
100028,permis,pERmi,NOM,1,26.95,26.95,7.03,7.03,CVCCV,CVCCVC,2,6
100333,perte,pERt,NOM,1,37.8,30.2,36.28,26.62,CVCC,CVCCV,1,5
100465,peste,pEst,NOM,1,16.95,16.68,8.31,8.24,CVCC,CVCCV,1,5
100673,pétrin,petR5,NOM,1,10.89,10.82,3.31,3.18,CVCCV,CVCCVC,2,6
100749,peuple,p2pl,NOM,1,111.36,105.65,107.3,89.39,CVCC,CVVCCV,1,6
101081,phrase,fRaz,NOM,1,22.01,15.4,140.47,86.76,CCVC,CCCVCV,1,6
101137,physique,fizik,ADJ,1,19.42,14.76,33.18,27.5,CVCVC,CCVCVCVV,2,8
101138,physique,fizik,NOM,1,10.27,10.19,12.57,12.36,CVCVC,CCVCVCVV,2,8
101604,pilote,pilOt,ADJ,1,12.33,11.49,2.16,1.55,CVCVC,CVCVCV,2,6
101605,pilote,pilOt,NOM,1,37.69,29.1,8.72,5.61,CVCVC,CVCVCV,2,6
101987,piscine,pisin,NOM,1,23.62,22.19,17.09,15.74,CVCVC,CVCCVCV,2,7
102053,piste,pist,NOM,1,51.77,43.01,41.15,34.86,CVCC,CVCCV,1,5
102169,pizza,pidza,NOM,1,23.09,18.6,3.24,2.09,CVCCV,CVCCV,2,5
102208,place,plas,NOM,1,301.3,280.54,468.58,437.97,CCVC,CCVCV,1,5
102259,plage,plaZ,NOM,1,48.19,44.99,86.89,72.03,CCVC,CCVCV,1,5
102341,plaine,plEn,NOM,1,3.52,3.52,39.86,39.86,CCVC,CCVVCV,1,6
102349,plainte,pl5t,NOM,1,15.07,9.61,26.69,17.09,CCVC,CCVVCCV,1,7
102365,plaire,plER,VER,1,607.21,19.0,139.8,19.66,CCVC,CCVVCV,1,6
102434,planche,pl@S,NOM,1,13.37,10.01,41.55,14.53,CCVC,CCVCCCV,1,7
102550,plante,pl@t,NOM,1,21.86,9.0,35.0,11.49,CCVC,CCVCCV,1,6
102598,plaque,plak,NOM,1,20.48,13.87,46.15,26.01,CCVC,CCVCVV,1,6
103110,plume,plym,NOM,1,15.29,6.49,60.0,33.38,CCVC,CCVCV,1,5
103149,plus,plys,NOM,1,21.02,21.02,20.34,20.34,CCVC,CCVC,1,4
103524,poker,pokER,NOM,1,10.76,10.62,3.92,3.78,CVCVC,CVCVC,2,5
103583,police,polis,NOM,1,276.21,274.31,83.72,81.69,CVCVC,CVCVCV,2,6
104098,porche,pORS,NOM,1,3.1,2.95,17.03,15.34,CVCC,CVCCCV,1,6
104200,portée,pORte,NOM,1,13.38,13.05,33.85,33.18,CVCCV,CVCCVV,2,6
104234,porte,pORt,NOM,1,333.85,288.39,617.43,536.96,CVCC,CVCCV,1,5
104249,porter,poRte,VER,1,319.98,79.04,474.93,79.93,CVCCV,CVCCVC,2,6
104486,poste,pOst,NOM,1,82.87,72.64,90.68,73.58,CVCC,CVCCV,1,5
104677,poubelle,pubEl,NOM,1,21.34,14.85,22.91,10.27,CVCVC,CVVCVCCV,2,8
104701,poudre,pudR,NOM,1,23.11,22.09,30.27,27.57,CVCC,CVVCCV,1,6
104981,pourtant,puRt@,ADV,1,95.8,95.8,375.68,375.68,CVCCV,CVVCCVCC,2,8
106105,presse,pREs,NOM,1,45.77,45.1,41.82,40.68,CCVC,CCVCCV,1,6
106324,preuve,pR9v,NOM,1,107.54,60.79,65.34,50.54,CCVC,CCVVCV,1,6
106494,prime,pRim,NOM,1,17.79,10.63,8.11,7.09,CCVC,CCVCV,1,5
106532,prince,pR5s,NOM,1,98.9,44.83,101.22,65.61,CCVC,CCVCCV,1,6
106581,prise,pRiz,NOM,1,28.25,22.92,38.04,27.7,CCVC,CCVCV,1,5
106774,proche,pROS,ADJ,1,55.34,38.29,82.91,63.04,CCVC,CCVCCV,1,6
106775,proche,pROS,NOM,1,11.31,3.75,15.41,10.27,CCVC,CCVCCV,1,6
107103,prof,pROf,NOM,1,37.82,30.36,20.2,15.07,CCVC,CCVC,1,4
108342,pudeur,pyd9R,NOM,1,5.08,4.98,20.07,19.32,CVCVC,CVCVVC,2,6
108539,punir,pyniR,VER,1,41.7,13.82,20.14,8.45,CVCVC,CVCVC,2,5
108925,quarante,kaR@t,ADJ:num,1,8.16,8.16,43.78,43.78,CVCVC,CVVCVCCV,2,8
109022,quatre,katR,ADJ:num,1,150.93,150.93,282.64,282.64,CVCC,CVVCCV,1,6
109076,quelque,kElk,ADJ:ind,1,884.61,884.61,557.77,557.77,CVCC,CVVCCVV,1,7
109077,quelque,kElk,ADV,1,62.61,62.61,111.49,111.49,CVCC,CVVCCVV,1,7
109078,quelques,kElk,ADJ:ind,1,337.35,337.35,732.57,732.57,CVCC,CVVCCVVC,1,8
109082,quelqu'un,kElk1,PRO:ind,1,629.0,629.0,128.92,128.92,CVCCV,CVVCCV'VC,2,9
109208,quiconque,kik§k,PRO:rel,1,22.81,15.43,9.12,6.08,CVCVC,CVVCVCCVV,2,9
109287,quinzaine,k5zEn,NOM,1,2.02,2.01,11.89,11.69,CVCVC,CVVCCVVCV,2,9
109673,racine,Rasin,NOM,1,12.53,5.17,31.96,11.01,CVCVC,CVCVCV,2,6
110728,rancune,R@kyn,NOM,1,7.2,6.76,17.23,14.86,CVCVC,CVCCVCV,2,7
110890,rapide,Rapid,ADJ,1,48.73,42.28,71.82,53.99,CVCVC,CVCVCV,2,6
111011,rapport,RapOR,NOM,1,140.08,115.57,130.95,87.23,CVCVC,CVCCVCC,2,7
114785,régime,ReZim,NOM,1,19.43,18.52,39.73,36.69,CVCVC,CVCVCV,2,6
114857,règle,REgl,NOM,1,79.51,33.17,49.93,27.91,CVCC,CVCCV,1,5
114864,régler,Regle,VER,1,85.81,42.27,54.19,22.36,CVCCV,CVCCVC,2,6
116494,rendre,R@dR,VER,1,508.81,141.31,468.11,150.07,CVCC,CVCCCV,1,6
116898,rentrée,R@tRe,NOM,1,3.9,3.34,15.34,14.19,CVCCV,CVCCCVV,2,7
116915,rentrer,R@tRe,VER,1,532.51,166.36,279.93,77.23,CVCCV,CVCCCVC,2,7
117606,réponse,Rep§s,NOM,1,97.06,79.19,99.93,83.72,CVCVC,CVCVCCV,2,7
118426,respect,REspE,NOM,1,54.78,50.47,43.85,42.43,CVCCV,CVCCVCC,2,7
118810,reste,REst,NOM,1,214.54,203.1,168.58,152.91,CVCC,CVCCV,1,5
118817,rester,REste,VER,1,1003.56,310.38,793.78,123.78,CVCCV,CVCCVC,2,6
120248,rex,REks,NOM,1,10.57,10.57,1.28,1.28,CVCC,CVC,1,3
120414,richesse,RiSEs,NOM,1,13.21,8.44,22.16,14.66,CVCVC,CVCCVCCV,2,8
120578,rigueur,Rig9R,NOM,1,4.87,4.72,40.34,37.77,CVCVC,CVCVVVC,2,7
120754,risque,Risk,NOM,1,69.33,45.98,50.27,30.27,CVCC,CVCCVV,1,6
120758,risquer,Riske,VER,1,100.4,13.06,99.32,14.19,CVCCV,CVCCVVC,2,7
120810,rivage,RivaZ,NOM,1,5.46,4.38,17.23,12.36,CVCVC,CVCVCV,2,6
121123,rompre,R§pR,VER,1,41.37,12.61,52.64,21.82,CVCC,CVCCCV,1,6
121589,rougir,RuZiR,VER,1,9.01,2.51,42.09,10.68,CVCVC,CVVCVC,2,6
121823,routine,Rutin,NOM,1,12.14,11.67,12.77,9.53,CVCVC,CVVCVCV,2,7
122040,rumeur,Rym9R,NOM,1,22.11,10.15,37.97,27.03,CVCVC,CVCVVC,2,6
122182,rythme,Ritm,NOM,1,20.43,19.15,45.95,42.57,CVCC,CVCCCV,1,6
122219,sable,sabl,NOM,1,25.23,23.14,96.55,87.91,CVCC,CVCCV,1,5
122291,sabre,sabR,NOM,1,6.95,5.44,17.03,13.85,CVCC,CVCCV,1,5
122387,sacré,sakRe,ADJ,1,56.88,29.19,45.2,20.47,CVCCV,CVCCV,2,5
122501,sagesse,saZEs,NOM,1,13.58,13.56,21.55,21.42,CVCVC,CVCVCCV,2,7
122632,saisir,seziR,VER,1,36.81,9.4,135.74,33.78,CVCVC,CVVCVC,2,6
122678,salade,salad,NOM,1,21.8,15.88,24.26,15.41,CVCVC,CVCVCV,2,6
122683,salaire,salER,NOM,1,26.43,22.99,12.5,8.92,CVCVC,CVCVVCV,2,7
122803,salive,saliv,NOM,1,4.94,4.91,18.65,18.51,CVCVC,CVCVCV,2,6
122837,salope,salOp,NOM,1,66.97,62.54,20.54,17.97,CVCVC,CVCVCV,2,6
123565,sauvage,sovaZ,ADJ,1,24.68,16.67,54.66,34.46,CVCVC,CVVCVCV,2,7
123659,saveur,sav9R,NOM,1,3.52,3.11,12.36,10.41,CVCVC,CVCVVC,2,6
124616,seigneur,sEN9R,NOM,1,153.82,147.72,60.14,51.82,CVCVC,CVVCCVVC,2,8
124648,séjour,seZuR,NOM,1,16.6,15.7,43.58,36.82,CVCVC,CVCVVC,2,6
124749,semblant,s@bl@,NOM,1,25.63,25.55,32.09,31.89,CVCCV,CVCCCVCC,2,8
125013,sentir,s@tiR,VER,1,535.4,58.48,718.78,74.19,CVCVC,CVCCVC,2,6
125196,sergent,sERZ@,NOM,1,27.36,26.48,23.65,20.88,CVCCV,CVCCVCC,2,7
125246,serment,sERm@,NOM,1,21.19,18.18,12.23,8.85,CVCCV,CVCCVCC,2,7
125306,serpent,sERp@,NOM,1,32.2,20.91,21.08,13.24,CVCCV,CVCCVCC,2,7
125361,serrure,seRyR,NOM,1,10.07,7.4,19.26,16.08,CVCVC,CVCCVCV,2,7
125497,sévère,sevER,ADJ,1,9.47,8.28,29.73,22.91,CVCVC,CVCVCV,2,6
125539,sexe,sEks,NOM,1,52.09,50.44,52.7,46.49,CVCC,CVCV,1,4
125571,sexy,seksi,ADJ,1,26.83,26.83,1.49,1.49,CVCCV,CVCV,2,4
125614,shérif,SeRif,NOM,1,46.65,45.75,1.28,1.08,CVCVC,CCVCVC,2,6
125828,sifflet,siflE,NOM,1,4.61,3.76,17.91,13.31,CVCCV,CVCCCVC,2,7
125892,signal,siNal,NOM,1,39.61,33.98,23.11,18.72,CVCVC,CVCCVC,2,6
125968,silence,sil@s,NOM,1,106.43,105.53,325.54,313.24,CVCVC,CVCVCCV,2,7
126056,simple,s5pl,ADJ,1,137.69,124.57,148.58,124.26,CVCC,CVCCCV,1,6
126130,sincère,s5sER,ADJ,1,19.51,15.2,22.5,18.65,CVCVC,CVCCVCV,2,7
126240,sirène,siREn,NOM,1,11.35,8.06,17.5,10.34,CVCVC,CVCVCV,2,6
126404,slip,slip,NOM,1,11.35,9.29,12.77,10.07,CCVC,CCVC,1,4
126714,soldat,sOlda,NOM,1,107.92,52.78,128.92,46.22,CVCCV,CVCCVC,2,6
126766,solide,solid,ADJ,1,21.71,17.31,42.77,31.49,CVCVC,CVCVCV,2,6
126890,sombre,s§bR,ADJ,1,31.86,24.66,125.74,93.72,CVCC,CVCCCV,1,6
127101,sonnette,sonEt,NOM,1,9.55,8.47,16.15,14.12,CVCVC,CVCCVCCV,2,8
127111,sonore,sonOR,ADJ,1,4.17,3.26,27.3,19.8,CVCVC,CVCVCV,2,6
127197,sorte,sORt,NOM,1,114.73,98.33,307.16,273.38,CVCC,CVCCV,1,5
127202,sortie,sORti,NOM,1,47.81,42.58,75.27,66.01,CVCCV,CVCCVV,2,6
127375,souffler,sufle,VER,1,28.33,6.26,83.65,13.65,CVCCV,CVVCCCVC,2,8
127384,souffle,sufl,NOM,1,26.98,26.55,100.2,93.18,CVCC,CVVCCCV,1,7
127707,soupçon,sups§,NOM,1,15.53,5.75,23.58,15.61,CVCCV,CVVCCVC,2,7
127762,soupir,supiR,NOM,1,7.85,4.75,35.95,26.82,CVCVC,CVVCVC,2,6
127767,souple,supl,ADJ,1,4.22,3.21,27.23,20.0,CVCC,CVVCCV,1,6
127779,source,suRs,NOM,1,46.44,37.34,49.19,35.41,CVCC,CVVCCV,1,6
127846,sourire,suRiR,NOM,1,36.08,33.79,215.34,196.55,CVCVC,CVVCVCV,2,7
127847,sourire,suRiR,VER,1,53.97,12.31,262.91,40.34,CVCVC,CVVCVCV,2,7
128580,sport,spOR,NOM,1,30.04,24.61,20.81,15.54,CCVC,CCVCC,1,5
128683,stade,stad,NOM,1,15.14,14.34,14.8,13.18,CCVC,CCVCV,1,5
128755,star,staR,NOM,1,39.34,28.91,9.86,6.35,CCVC,CCVC,1,4
128879,steppe,stEp,NOM,1,2.78,1.57,18.65,12.97,CCVC,CCVCCV,1,6
129073,stop,stOp,NOM,1,44.5,44.36,6.76,6.49,CCVC,CCVC,1,4
129299,style,stil,NOM,1,32.34,31.08,46.62,45.14,CCVC,CCVCV,1,5
129391,subir,sybiR,VER,1,30.13,10.64,53.72,21.28,CVCVC,CVCVC,2,5
129708,succès,syksE,NOM,1,39.58,39.58,53.72,53.72,CVCCV,CVCCVC,2,6
129801,sucre,sykR,NOM,1,32.01,30.57,32.77,30.54,CVCC,CVCCV,1,5
130278,super,sypER,ADJ,1,154.83,154.83,7.09,7.09,CVCVC,CVCVC,2,5
130279,super,sypER,NOM,1,73.26,71.48,2.77,2.7,CVCVC,CVCVC,2,5
131076,sursaut,syRso,NOM,1,0.77,0.71,21.28,17.57,CVCCV,CVCCVVC,2,7
131096,surtout,syRtu,ADV,1,148.66,148.66,291.49,291.49,CVCCV,CVCCVVC,2,7
131160,survie,syRvi,NOM,1,11.64,11.64,6.08,6.08,CVCCV,CVCCVV,2,6
131292,suspect,syspE,NOM,1,32.45,22.86,3.65,1.55,CVCCV,CVCCVCC,2,7
131431,symbole,s5bOl,NOM,1,14.95,10.74,18.92,12.57,CVCVC,CVCCVCV,2,7
131684,tableau,tablo,NOM,1,50.11,37.8,90.0,57.84,CVCCV,CVCCVVV,2,7
131698,table,tabl,NOM,1,118.37,111.44,379.8,341.08,CVCC,CVCCV,1,5
132049,tambour,t@buR,NOM,1,10.2,7.8,19.32,10.54,CVCVC,CVCCVVC,2,7
132432,tarder,taRde,VER,1,28.36,15.01,34.46,12.09,CVCCV,CVCCVC,2,6
132547,tarte,taRt,NOM,1,13.04,10.41,10.34,8.31,CVCC,CVCCV,1,5
132782,taxi,taksi,NOM,1,63.77,59.42,46.82,41.22,CVCCV,CVCV,2,4
133202,tempête,t@pEt,NOM,1,19.73,15.72,31.28,24.26,CVCVC,CVCCVCV,2,7
133208,temple,t@pl,NOM,1,15.69,14.36,20.2,13.72,CVCC,CVCCCV,1,6
133277,tendance,t@d@s,NOM,1,12.98,10.95,20.88,14.26,CVCVC,CVCCVCCV,2,8
133313,tendre,t@dR,ADJ,1,21.66,18.34,61.15,45.54,CVCC,CVCCCV,1,6
133315,tendre,t@dR,VER,1,26.63,3.72,218.38,17.84,CVCC,CVCCCV,1,6
133348,tennis,tenis,NOM,1,11.37,11.37,13.24,13.24,CVCVC,CVCCVC,2,6
133462,terme,tERm,NOM,1,37.67,25.72,59.73,34.86,CVCC,CVCCV,1,5
133558,terrasse,tERas,NOM,1,10.57,9.66,74.05,61.15,CVCVC,CVCCVCCV,2,8
133588,terreur,tER9R,NOM,1,15.18,13.87,27.09,23.78,CVCVC,CVCCVVC,2,7
133721,test,tEst,NOM,1,55.38,34.87,5.61,2.91,CVCC,CVCC,1,4
134131,tigre,tigR,NOM,1,15.19,11.14,8.65,4.86,CVCC,CVCCV,1,5
134165,timbre,t5bR,NOM,1,7.86,1.82,20.81,13.18,CVCC,CVCCCV,1,6
134170,timide,timid,ADJ,1,16.36,14.18,25.14,19.53,CVCVC,CVCVCV,2,6
134344,tireur,tiR9R,NOM,1,18.09,12.83,8.72,5.41,CVCVC,CVCVVC,2,6
134456,titre,titR,NOM,1,41.35,32.4,71.22,53.04,CVCC,CVCCV,1,5
134492,toast,tost,NOM,1,16.3,13.73,4.39,1.96,CVCC,CVVCC,1,5
134779,tonnerre,tonER,NOM,1,11.4,10.9,19.39,18.65,CVCVC,CVCCVCCV,2,8
135000,torse,tORs,NOM,1,3.82,3.75,21.08,19.39,CVCC,CVCCV,1,5
135114,total,total,ADJ,1,24.59,9.29,41.62,16.35,CVCVC,CVCVC,2,5
135140,toubib,tubib,NOM,1,6.62,5.71,13.72,11.35,CVCVC,CVVCVC,2,6
135214,toujours,tuZuR,ADV,1,1072.36,1072.36,1093.78,1093.78,CVCVC,CVVCVVCC,2,8
135334,tournant,tuRn@,NOM,1,3.44,3.38,20.34,18.31,CVCCV,CVVCCVCC,2,8
135352,tournée,tuRne,NOM,1,20.57,18.64,23.85,18.72,CVCCV,CVVCCVV,2,7
135371,tourner,tuRne,VER,1,204.15,51.05,377.09,68.78,CVCCV,CVVCCVC,2,7
135587,trace,tRas,NOM,1,60.18,29.2,80.27,39.32,CCVC,CCVCV,1,5
135983,tranche,tR@S,NOM,1,6.95,5.28,21.82,11.08,CCVC,CCVCCCV,1,7
136725,treize,tREz,ADJ:num,1,7.0,7.0,20.95,20.95,CCVC,CCVVCV,1,6
136876,trente,tR@t,ADJ:num,1,18.91,18.91,79.12,79.12,CCVC,CCVCCV,1,6
136995,trêve,tREv,NOM,1,6.69,6.68,11.42,11.15,CCVC,CCVCV,1,5
137604,tronche,tR§S,NOM,1,8.92,8.25,25.68,22.57,CCVC,CCVCCCV,1,7
137625,trône,tRon,NOM,1,14.32,13.99,12.03,11.49,CCVC,CCVCV,1,5
137812,troupe,tRup,NOM,1,30.93,10.3,105.41,32.3,CCVC,CCVVCV,1,6
137922,truc,tRyk,NOM,1,381.34,274.94,87.77,51.15,CCVC,CCVC,1,4
138000,tsar,tsaR,NOM,1,14.3,11.65,8.85,6.82,CCVC,CCVC,1,4
138162,tunnel,tynEl,NOM,1,19.24,15.88,14.59,12.3,CVCVC,CVCCVC,2,6
139057,vaincre,v5kR,VER,1,27.84,13.71,25.68,13.31,CVCC,CVVCCCV,1,7
139102,vaisselle,vEsEl,NOM,1,12.11,12.1,25.95,24.93,CVCVC,CVVCCVCCV,2,9
139138,valeur,val9R,NOM,1,45.4,32.48,52.3,40.74,CVCVC,CVCVVC,2,6
139161,valise,valiz,NOM,1,50.99,33.21,70.34,47.43,CVCVC,CVCVCV,2,6
139231,vampire,v@piR,NOM,1,27.27,15.29,3.24,1.82,CVCVC,CVCCVCV,2,7
139330,vapeur,vap9R,NOM,1,8.02,6.17,26.76,19.12,CVCVC,CVCVVC,2,6
139468,vaste,vast,ADJ,1,10.32,8.44,71.76,55.61,CVCC,CVCCV,1,5
139793,vendeur,v@d9R,NOM,1,16.84,11.3,18.65,4.93,CVCVC,CVCCVVC,2,7
139815,vendre,v@dR,VER,1,206.95,73.62,92.64,30.81,CVCC,CVCCCV,1,6
139890,vengeance,v@Z@s,NOM,1,28.27,27.85,17.03,15.88,CVCVC,CVCCVVCCV,2,9
139988,ventre,v@tR,NOM,1,46.91,46.07,141.96,136.62,CVCC,CVCCCV,1,6
140408,vertu,vERty,NOM,1,17.75,13.49,38.45,24.05,CVCCV,CVCCV,2,5
140446,veste,vEst,NOM,1,37.72,36.0,61.62,55.68,CVCC,CVCCV,1,5
140456,veston,vEst§,NOM,1,1.68,1.66,16.55,15.27,CVCCV,CVCCVC,2,6
140895,vigueur,vig9R,NOM,1,3.61,3.61,15.61,15.54,CVCVC,CVCVVVC,2,7
140931,village,vilaZ,NOM,1,95.82,87.6,143.99,118.24,CVCVC,CVCCVCV,2,7
140933,villa,villa,NOM,1,16.61,15.3,33.72,24.8,CVCCV,CVCCV,2,5
140971,vingtaine,v5tEn,NOM,1,4.11,4.11,15.47,15.34,CVCVC,CVCCCVVCV,2,9
141208,virus,viRys,NOM,1,23.98,23.98,6.42,6.42,CVCVC,CVCVC,2,5
141210,visage,vizaZ,NOM,1,141.23,125.52,565.0,490.54,CVCVC,CVCVCV,2,6
141320,visite,vizit,NOM,1,99.95,86.34,99.32,80.61,CVCVC,CVCVCV,2,6
141390,vitesse,vitEs,NOM,1,40.12,37.89,57.84,54.59,CVCVC,CVCVCCV,2,7
141417,vitre,vitR,NOM,1,16.35,10.21,76.22,41.28,CVCC,CVCCV,1,5
141521,vivre,vivR,VER,1,510.19,218.52,460.34,186.82,CVCC,CVCCV,1,5
141573,vodka,vOdka,NOM,1,17.07,16.93,8.31,8.24,CVCCV,CVCCV,2,5
141772,voleur,vol9R,NOM,1,68.18,41.39,22.7,11.15,CVCVC,CVCVVC,2,6
141842,volume,volym,NOM,1,6.48,5.45,27.84,16.35,CVCVC,CVCVCV,2,6
141869,vomir,vomiR,VER,1,26.12,13.75,23.31,11.62,CVCVC,CVCVC,2,5
141944,vôtres,votR,PRO:pos,1,12.14,12.14,4.39,4.39,CVCC,CVCCVC,1,6
141945,votre,vOtR,ADJ:pos,1,1894.09,1894.09,427.91,427.91,CVCC,CVCCV,1,5
141948,vôtre,votR,PRO:pos,1,33.05,33.05,11.69,11.69,CVCC,CVCCV,1,5
